{"cameraMode":{"drawMode":0,"name":"Shaded","section":"Shading Mode"},"sceneLighting":true,"audioPlay":false,"sceneViewState":{"showFog":true,"showMaterialUpdate":false,"showSkybox":true,"showFlares":true,"showImageEffects":true,"showParticleSystems":true},"in2DMode":false,"pivot":{"x":-2.457486629486084,"y":-0.7900797724723816,"z":4.557694911956787},"rotation":{"x":-0.1386435478925705,"y":0.46184372901916506,"z":-0.07334790378808975,"w":-0.872986376285553},"size":2.0805206298828127,"orthographic":true}