{"cameraMode":{"drawMode":0,"name":"Shaded","section":"Shading Mode"},"sceneLighting":false,"audioPlay":false,"sceneViewState":{"showFog":true,"showMaterialUpdate":false,"showSkybox":false,"showFlares":true,"showImageEffects":true,"showParticleSystems":true},"in2DMode":false,"pivot":{"x":0.0,"y":0.009999999776482582,"z":1.429999828338623},"rotation":{"x":0.16291546821594239,"y":0.5494747757911682,"z":-0.11024068295955658,"w":0.8120239973068237},"size":1.7677669525146485,"orthographic":false}