{"cameraMode":{"drawMode":0,"name":"Shaded","section":"Shading Mode"},"sceneLighting":true,"audioPlay":false,"sceneViewState":{"showFog":true,"showMaterialUpdate":false,"showSkybox":true,"showFlares":true,"showImageEffects":true,"showParticleSystems":true},"in2DMode":false,"pivot":{"x":-1.7265095710754395,"y":-3.613548755645752,"z":50.03706741333008},"rotation":{"x":-0.08001410216093064,"y":-0.005367602687329054,"z":0.0004887890536338091,"w":-0.9968021512031555},"size":61.29311752319336,"orthographic":true}