{"cameraMode":{"drawMode":0,"name":"Shaded","section":"Shading Mode"},"sceneLighting":true,"audioPlay":false,"sceneViewState":{"showFog":true,"showMaterialUpdate":false,"showSkybox":true,"showFlares":true,"showImageEffects":true,"showParticleSystems":true},"in2DMode":false,"pivot":{"x":-34.505126953125,"y":-2.5742297172546388,"z":-34.667598724365237},"rotation":{"x":-0.05910380929708481,"y":0.9180451035499573,"z":-0.36231938004493716,"w":-0.14975909888744355},"size":2.025416135787964,"orthographic":true}