{"cameraMode":{"drawMode":0,"name":"Shaded","section":"Shading Mode"},"sceneLighting":true,"audioPlay":false,"sceneViewState":{"showFog":true,"showMaterialUpdate":false,"showSkybox":true,"showFlares":true,"showImageEffects":true,"showParticleSystems":true},"in2DMode":false,"pivot":{"x":4.271536827087402,"y":18.11717987060547,"z":-22.90410804748535},"rotation":{"x":-0.02185145393013954,"y":0.9461896419525147,"z":-0.3161845803260803,"w":-0.06539084762334824},"size":70.12336730957031,"orthographic":true}