{"cameraMode":{"drawMode":0,"name":"Shaded","section":"Shading Mode"},"sceneLighting":true,"audioPlay":false,"sceneViewState":{"showFog":true,"showMaterialUpdate":false,"showSkybox":true,"showFlares":true,"showImageEffects":true,"showParticleSystems":true},"in2DMode":false,"pivot":{"x":-24.416013717651368,"y":0.4038867950439453,"z":24.416013717651368},"rotation":{"x":0.2327391803264618,"y":-0.16678711771965028,"z":0.04055052995681763,"w":0.9572722911834717},"size":37.959163665771487,"orthographic":true}