{"cameraMode":{"drawMode":0,"name":"Shaded","section":"Shading Mode"},"sceneLighting":true,"audioPlay":false,"sceneViewState":{"showFog":true,"showMaterialUpdate":false,"showSkybox":true,"showFlares":true,"showImageEffects":true,"showParticleSystems":true},"in2DMode":false,"pivot":{"x":25.45763397216797,"y":18.162418365478517,"z":-28.896076202392579},"rotation":{"x":0.20953328907489777,"y":-0.17204205691814423,"z":0.03747961297631264,"w":0.9618173241615295},"size":27.333669662475587,"orthographic":true}