{"cameraMode":{"drawMode":0,"name":"Shaded","section":"Shading Mode"},"sceneLighting":true,"audioPlay":false,"sceneViewState":{"showFog":true,"showMaterialUpdate":false,"showSkybox":true,"showFlares":true,"showImageEffects":true,"showParticleSystems":true},"in2DMode":false,"pivot":{"x":0.5840719938278198,"y":-1.1515741348266602,"z":24.040327072143556},"rotation":{"x":-0.0642796978354454,"y":0.12065793573856354,"z":-0.007829689420759678,"w":-0.9905821084976196},"size":3.0757558345794679,"orthographic":true}