{"cameraMode":{"drawMode":0,"name":"Shaded","section":"Shading Mode"},"sceneLighting":true,"audioPlay":false,"sceneViewState":{"showFog":true,"showMaterialUpdate":false,"showSkybox":true,"showFlares":true,"showImageEffects":true,"showParticleSystems":true},"in2DMode":false,"pivot":{"x":-0.11866515874862671,"y":-0.5509064197540283,"z":-7.628535270690918},"rotation":{"x":0.0563088096678257,"y":-0.6741546392440796,"z":0.05167366936802864,"w":0.7346258163452148},"size":2.1225881576538088,"orthographic":true}