{"cameraMode":{"drawMode":0,"name":"Shaded","section":"Shading Mode"},"sceneLighting":true,"audioPlay":false,"sceneViewState":{"showFog":true,"showMaterialUpdate":false,"showSkybox":true,"showFlares":true,"showImageEffects":true,"showParticleSystems":true},"in2DMode":false,"pivot":{"x":-80.06134033203125,"y":3.706603527069092,"z":77.84274291992188},"rotation":{"x":0.0289543978869915,"y":-0.3932703733444214,"z":0.012392121367156506,"w":0.9188832640647888},"size":32.64091491699219,"orthographic":false}