{"cameraMode":{"drawMode":0,"name":"Shaded","section":"Shading Mode"},"sceneLighting":false,"audioPlay":false,"sceneViewState":{"showFog":true,"showMaterialUpdate":false,"showSkybox":false,"showFlares":true,"showImageEffects":true,"showParticleSystems":true},"in2DMode":false,"pivot":{"x":-0.18218988180160523,"y":0.9371685981750488,"z":-0.24722963571548463},"rotation":{"x":-0.1366080939769745,"y":0.8302295207977295,"z":-0.23245316743850709,"w":-0.48788195848464968},"size":1.8015971183776856,"orthographic":true}