{"cameraMode":{"drawMode":0,"name":"Shaded","section":"Shading Mode"},"sceneLighting":true,"audioPlay":false,"sceneViewState":{"showFog":true,"showMaterialUpdate":false,"showSkybox":true,"showFlares":true,"showImageEffects":true,"showParticleSystems":true},"in2DMode":false,"pivot":{"x":0.0,"y":0.009999999776482582,"z":1.429999828338623},"rotation":{"x":0.24751345813274384,"y":-0.34695085883140566,"z":0.09546035528182984,"w":0.8995836973190308},"size":1.7677669525146485,"orthographic":true}