{"cameraMode":{"drawMode":0,"name":"Shaded","section":"Shading Mode"},"sceneLighting":true,"audioPlay":false,"sceneViewState":{"showFog":true,"showMaterialUpdate":false,"showSkybox":true,"showFlares":true,"showImageEffects":true,"showParticleSystems":true},"in2DMode":false,"pivot":{"x":12.191390991210938,"y":1.4671716690063477,"z":-12.191390991210938},"rotation":{"x":-0.27943918108940127,"y":0.5801213979721069,"z":-0.2213447242975235,"w":-0.7323802709579468},"size":11.561718940734864,"orthographic":true}