{"cameraMode":{"drawMode":0,"name":"Shaded","section":"Shading Mode"},"sceneLighting":true,"audioPlay":false,"sceneViewState":{"showFog":true,"showMaterialUpdate":false,"showSkybox":true,"showFlares":true,"showImageEffects":true,"showParticleSystems":true},"in2DMode":false,"pivot":{"x":-17.262733459472658,"y":-3.3241586685180666,"z":-30.38861083984375},"rotation":{"x":-0.08842439204454422,"y":0.7369081377983093,"z":-0.0982905924320221,"w":-0.6629378795623779},"size":1.029778003692627,"orthographic":false}