{"cameraMode":{"drawMode":0,"name":"Shaded","section":"Shading Mode"},"sceneLighting":true,"audioPlay":false,"sceneViewState":{"showFog":true,"showMaterialUpdate":false,"showSkybox":true,"showFlares":true,"showImageEffects":true,"showParticleSystems":true},"in2DMode":false,"pivot":{"x":-0.9011185765266419,"y":0.4892991781234741,"z":0.5889440178871155},"rotation":{"x":0.17399822175502778,"y":-0.010339591652154923,"z":0.001827110885642469,"w":0.9846897125244141},"size":1.7475666999816895,"orthographic":true}