{"cameraMode":{"drawMode":0,"name":"Shaded","section":"Shading Mode"},"sceneLighting":false,"audioPlay":false,"sceneViewState":{"showFog":true,"showMaterialUpdate":false,"showSkybox":false,"showFlares":true,"showImageEffects":true,"showParticleSystems":true},"in2DMode":false,"pivot":{"x":0.18219000101089478,"y":0.937168538570404,"z":0.24722960591316224},"rotation":{"x":-0.34961777925491335,"y":-0.1894923895597458,"z":0.07247229665517807,"w":-0.9146870970726013},"size":1.801596999168396,"orthographic":true}