{"cameraMode":{"drawMode":0,"name":"Shaded","section":"Shading Mode"},"sceneLighting":false,"audioPlay":false,"sceneViewState":{"showFog":true,"showMaterialUpdate":false,"showSkybox":false,"showFlares":true,"showImageEffects":true,"showParticleSystems":true},"in2DMode":false,"pivot":{"x":0.18218880891799928,"y":0.9371695518493652,"z":0.17560577392578126},"rotation":{"x":-0.024401845410466195,"y":0.9052233099937439,"z":-0.05247116461396217,"w":-0.42097747325897219},"size":1.8404103517532349,"orthographic":true}