{"cameraMode":{"drawMode":0,"name":"Shaded","section":"Shading Mode"},"sceneLighting":true,"audioPlay":false,"sceneViewState":{"showFog":true,"showMaterialUpdate":false,"showSkybox":true,"showFlares":true,"showImageEffects":true,"showParticleSystems":true},"in2DMode":false,"pivot":{"x":-1.6293236017227173,"y":-0.905364990234375,"z":1.6293236017227173},"rotation":{"x":0.1540016382932663,"y":-0.09853239357471466,"z":0.015436243265867234,"w":0.9830245971679688},"size":5.360517978668213,"orthographic":true}