{"cameraMode":{"drawMode":0,"name":"Shaded","section":"Shading Mode"},"sceneLighting":true,"audioPlay":false,"sceneViewState":{"showFog":true,"showMaterialUpdate":false,"showSkybox":true,"showFlares":true,"showImageEffects":true,"showParticleSystems":true},"in2DMode":false,"pivot":{"x":-16.585378646850587,"y":-10.470890045166016,"z":10.62394905090332},"rotation":{"x":0.0743085965514183,"y":-0.9111577272415161,"z":0.35865598917007449,"w":0.1887802630662918},"size":14.310510635375977,"orthographic":true}