{"cameraMode":{"drawMode":0,"name":"Shaded","section":"Shading Mode"},"sceneLighting":true,"audioPlay":false,"sceneViewState":{"showFog":true,"showMaterialUpdate":false,"showSkybox":true,"showFlares":true,"showImageEffects":true,"showParticleSystems":true},"in2DMode":false,"pivot":{"x":-34.6442756652832,"y":-0.680668830871582,"z":34.6442756652832},"rotation":{"x":0.098591648042202,"y":-0.8987786173820496,"z":0.3361474573612213,"w":0.26360929012298586},"size":40.725379943847659,"orthographic":true}