{"cameraMode":{"drawMode":0,"name":"Shaded","section":"Shading Mode"},"sceneLighting":true,"audioPlay":false,"sceneViewState":{"showFog":true,"showMaterialUpdate":false,"showSkybox":true,"showFlares":true,"showImageEffects":true,"showParticleSystems":true},"in2DMode":false,"pivot":{"x":-40.764251708984378,"y":-1.6262402534484864,"z":40.764251708984378},"rotation":{"x":0.014181379228830338,"y":0.8945720195770264,"z":-0.44579094648361208,"w":0.02845776081085205},"size":8.785032272338868,"orthographic":false}