{"cameraMode":{"drawMode":0,"name":"Shaded","section":"Shading Mode"},"sceneLighting":true,"audioPlay":false,"sceneViewState":{"showFog":true,"showMaterialUpdate":false,"showSkybox":true,"showFlares":true,"showImageEffects":true,"showParticleSystems":true},"in2DMode":false,"pivot":{"x":-16.090444564819337,"y":6.172433853149414,"z":-24.92770767211914},"rotation":{"x":0.12141155451536179,"y":-0.2083018720149994,"z":0.02606838010251522,"w":0.9701494574546814},"size":14.335932731628418,"orthographic":true}