{"cameraMode":{"drawMode":0,"name":"Shaded","section":"Shading Mode"},"sceneLighting":true,"audioPlay":false,"sceneViewState":{"showFog":true,"showMaterialUpdate":false,"showSkybox":true,"showFlares":true,"showImageEffects":true,"showParticleSystems":true},"in2DMode":false,"pivot":{"x":-1.1033802032470704,"y":-0.476625919342041,"z":10.173017501831055},"rotation":{"x":-0.05935226380825043,"y":0.5827203392982483,"z":-0.042731624096632007,"w":-0.8093789219856262},"size":1.5201804637908936,"orthographic":true}