{"cameraMode":{"drawMode":0,"name":"Shaded","section":"Shading Mode"},"sceneLighting":true,"audioPlay":false,"sceneViewState":{"showFog":true,"showMaterialUpdate":false,"showSkybox":true,"showFlares":true,"showImageEffects":true,"showParticleSystems":true},"in2DMode":false,"pivot":{"x":-10.726571083068848,"y":-0.8413870334625244,"z":24.933757781982423},"rotation":{"x":0.017031755298376085,"y":0.48677533864974978,"z":-0.009493283927440644,"w":0.8733100891113281},"size":0.050740327686071399,"orthographic":true}