{"cameraMode":{"drawMode":0,"name":"Shaded","section":"Shading Mode"},"sceneLighting":true,"audioPlay":false,"sceneViewState":{"showFog":true,"showMaterialUpdate":false,"showSkybox":true,"showFlares":true,"showImageEffects":true,"showParticleSystems":true},"in2DMode":false,"pivot":{"x":-0.969262421131134,"y":-5.960087776184082,"z":8.482772827148438},"rotation":{"x":0.13888977468013764,"y":0.3867781460285187,"z":-0.059049349278211597,"w":0.9097394347190857},"size":15.413747787475586,"orthographic":false}