{"cameraMode":{"drawMode":0,"name":"Shaded","section":"Shading Mode"},"sceneLighting":true,"audioPlay":false,"sceneViewState":{"showFog":true,"showMaterialUpdate":false,"showSkybox":true,"showFlares":true,"showImageEffects":true,"showParticleSystems":true},"in2DMode":false,"pivot":{"x":-17.369129180908204,"y":12.708370208740235,"z":-7.080653190612793},"rotation":{"x":0.14772450923919679,"y":0.7491631507873535,"z":-0.17833311855793,"w":0.6205909252166748},"size":16.978078842163087,"orthographic":true}