{"cameraMode":{"drawMode":0,"name":"Shaded","section":"Shading Mode"},"sceneLighting":true,"audioPlay":false,"sceneViewState":{"showFog":true,"showMaterialUpdate":false,"showSkybox":true,"showFlares":true,"showImageEffects":true,"showParticleSystems":true},"in2DMode":false,"pivot":{"x":-45.642601013183597,"y":-1.1037359237670899,"z":0.18441104888916017},"rotation":{"x":0.01878417655825615,"y":0.963853657245636,"z":-0.07067317515611649,"w":0.2562064230442047},"size":11.301158905029297,"orthographic":true}