{"cameraMode":{"drawMode":0,"name":"Shaded","section":"Shading Mode"},"sceneLighting":true,"audioPlay":false,"sceneViewState":{"showFog":true,"showMaterialUpdate":false,"showSkybox":true,"showFlares":true,"showImageEffects":true,"showParticleSystems":true},"in2DMode":false,"pivot":{"x":-18.76687240600586,"y":-0.6514714956283569,"z":2.48227596282959},"rotation":{"x":0.035192906856536868,"y":-0.8753107190132141,"z":0.06445156037807465,"w":0.477952778339386},"size":3.0688610076904299,"orthographic":true}