{"cameraMode":{"drawMode":0,"name":"Shaded","section":"Shading Mode"},"sceneLighting":true,"audioPlay":false,"sceneViewState":{"showFog":true,"showMaterialUpdate":false,"showSkybox":true,"showFlares":true,"showImageEffects":true,"showParticleSystems":true},"in2DMode":false,"pivot":{"x":1.1858644485473633,"y":2.76811146736145,"z":-9.266937255859375},"rotation":{"x":0.1736944168806076,"y":-0.390948086977005,"z":0.0753897950053215,"w":0.9007251858711243},"size":11.116534233093262,"orthographic":true}