{"cameraMode":{"drawMode":0,"name":"Shaded","section":"Shading Mode"},"sceneLighting":true,"audioPlay":false,"sceneViewState":{"showFog":true,"showMaterialUpdate":false,"showSkybox":true,"showFlares":true,"showImageEffects":true,"showParticleSystems":true},"in2DMode":false,"pivot":{"x":26.8028564453125,"y":24.209726333618165,"z":11.565326690673829},"rotation":{"x":-0.24157357215881349,"y":0.661085844039917,"z":-0.23869629204273225,"w":-0.6690539717674255},"size":40.59817886352539,"orthographic":true}