{"cameraMode":{"drawMode":0,"name":"Shaded","section":"Shading Mode"},"sceneLighting":true,"audioPlay":false,"sceneViewState":{"showFog":true,"showMaterialUpdate":false,"showSkybox":true,"showFlares":true,"showImageEffects":true,"showParticleSystems":true},"in2DMode":false,"pivot":{"x":-38.7339973449707,"y":-2.838865280151367,"z":2.2556653022766115},"rotation":{"x":0.16163788735866548,"y":-0.7373707294464111,"z":0.18985332548618318,"w":0.6277847290039063},"size":10.32435131072998,"orthographic":true}