{"cameraMode":{"drawMode":0,"name":"Shaded","section":"Shading Mode"},"sceneLighting":true,"audioPlay":false,"sceneViewState":{"showFog":true,"showMaterialUpdate":false,"showSkybox":true,"showFlares":true,"showImageEffects":true,"showParticleSystems":true},"in2DMode":false,"pivot":{"x":0.18218988180160523,"y":0.937168538570404,"z":0.24722996354103089},"rotation":{"x":0.16957229375839234,"y":-0.005912940949201584,"z":0.001017456641420722,"w":0.9855034351348877},"size":1.801596999168396,"orthographic":true}