{"cameraMode":{"drawMode":0,"name":"Shaded","section":"Shading Mode"},"sceneLighting":true,"audioPlay":false,"sceneViewState":{"showFog":true,"showMaterialUpdate":false,"showSkybox":true,"showFlares":true,"showImageEffects":true,"showParticleSystems":true},"in2DMode":false,"pivot":{"x":54.714691162109378,"y":-4.365504264831543,"z":-54.714691162109378},"rotation":{"x":-0.17099101841449738,"y":0.7850624322891235,"z":-0.24801766872406007,"w":-0.5412353873252869},"size":8.819068908691407,"orthographic":true}