{"cameraMode":{"drawMode":0,"name":"Shaded","section":"Shading Mode"},"sceneLighting":true,"audioPlay":false,"sceneViewState":{"showFog":true,"showMaterialUpdate":false,"showSkybox":true,"showFlares":true,"showImageEffects":true,"showParticleSystems":true},"in2DMode":false,"pivot":{"x":-45.38083267211914,"y":-3.6682019233703615,"z":11.04158878326416},"rotation":{"x":0.01561551820486784,"y":-0.9780962467193604,"z":0.1916598081588745,"w":0.07969110459089279},"size":12.599913597106934,"orthographic":true}