{"cameraMode":{"drawMode":0,"name":"Shaded","section":"Shading Mode"},"sceneLighting":true,"audioPlay":false,"sceneViewState":{"showFog":true,"showMaterialUpdate":false,"showSkybox":true,"showFlares":true,"showImageEffects":true,"showParticleSystems":true},"in2DMode":false,"pivot":{"x":-35.03400802612305,"y":-2.248789072036743,"z":-35.79358673095703},"rotation":{"x":0.22551700472831727,"y":-0.24951471388339997,"z":0.05987166613340378,"w":0.9398404359817505},"size":2.2543134689331056,"orthographic":true}