{"cameraMode":{"drawMode":0,"name":"Shaded","section":"Shading Mode"},"sceneLighting":true,"audioPlay":false,"sceneViewState":{"showFog":true,"showMaterialUpdate":false,"showSkybox":true,"showFlares":true,"showImageEffects":true,"showParticleSystems":true},"in2DMode":false,"pivot":{"x":-12.191390991210938,"y":1.4671716690063477,"z":12.191390991210938},"rotation":{"x":-0.15956413745880128,"y":-0.6231986284255981,"z":0.13185317814350129,"w":-0.7541738152503967},"size":17.669240951538087,"orthographic":true}