{"cameraMode":{"drawMode":0,"name":"Shaded","section":"Shading Mode"},"sceneLighting":true,"audioPlay":false,"sceneViewState":{"showFog":true,"showMaterialUpdate":false,"showSkybox":true,"showFlares":true,"showImageEffects":true,"showParticleSystems":true},"in2DMode":false,"pivot":{"x":7.197497367858887,"y":9.564712524414063,"z":6.382939338684082},"rotation":{"x":0.04395734891295433,"y":-0.9553287029266357,"z":0.22468969225883485,"w":0.1868968904018402},"size":19.742860794067384,"orthographic":true}