{"cameraMode":{"drawMode":0,"name":"Shaded","section":"Shading Mode"},"sceneLighting":false,"audioPlay":false,"sceneViewState":{"showFog":true,"showMaterialUpdate":false,"showSkybox":false,"showFlares":true,"showImageEffects":true,"showParticleSystems":true},"in2DMode":false,"pivot":{"x":0.5900700092315674,"y":1.9745999574661255,"z":-1.9178999662399293},"rotation":{"x":0.2474287897348404,"y":-0.3477596938610077,"z":0.09568408131599426,"w":0.8992702960968018},"size":10.0,"orthographic":false}