{"cameraMode":{"drawMode":0,"name":"Shaded","section":"Shading Mode"},"sceneLighting":true,"audioPlay":false,"sceneViewState":{"showFog":true,"showMaterialUpdate":false,"showSkybox":true,"showFlares":true,"showImageEffects":true,"showParticleSystems":true},"in2DMode":false,"pivot":{"x":30.939212799072267,"y":-2.161907196044922,"z":-29.58530044555664},"rotation":{"x":0.17920899391174317,"y":-0.5593978762626648,"z":0.1253858357667923,"w":0.7995241284370422},"size":2.4191203117370607,"orthographic":true}