{"cameraMode":{"drawMode":0,"name":"Shaded","section":"Shading Mode"},"sceneLighting":true,"audioPlay":false,"sceneViewState":{"showFog":true,"showMaterialUpdate":false,"showSkybox":true,"showFlares":true,"showImageEffects":true,"showParticleSystems":true},"in2DMode":false,"pivot":{"x":1.0133395195007325,"y":-0.8535398840904236,"z":20.730627059936525},"rotation":{"x":0.020524002611637117,"y":-0.7633621692657471,"z":0.02428309991955757,"w":0.6451877951622009},"size":2.0878870487213136,"orthographic":true}