{"cameraMode":{"drawMode":0,"name":"Shaded","section":"Shading Mode"},"sceneLighting":true,"audioPlay":false,"sceneViewState":{"showFog":true,"showMaterialUpdate":false,"showSkybox":true,"showFlares":true,"showImageEffects":true,"showParticleSystems":true},"in2DMode":false,"pivot":{"x":-23.515365600585939,"y":10.142770767211914,"z":-28.908525466918947},"rotation":{"x":0.16306084394454957,"y":-0.2026522159576416,"z":0.03424381464719772,"w":0.9649744629859924},"size":18.273517608642579,"orthographic":true}