{"cameraMode":{"drawMode":0,"name":"Shaded","section":"Shading Mode"},"sceneLighting":true,"audioPlay":false,"sceneViewState":{"showFog":true,"showMaterialUpdate":false,"showSkybox":true,"showFlares":true,"showImageEffects":true,"showParticleSystems":true},"in2DMode":false,"pivot":{"x":-5.960464477539063e-8,"y":0.3464120030403137,"z":-0.008713960647583008},"rotation":{"x":0.17942476272583009,"y":-0.20492197573184968,"z":0.03824300691485405,"w":0.9614319801330566},"size":13.40081787109375,"orthographic":true}