{"cameraMode":{"drawMode":0,"name":"Shaded","section":"Shading Mode"},"sceneLighting":true,"audioPlay":false,"sceneViewState":{"showFog":true,"showMaterialUpdate":false,"showSkybox":true,"showFlares":true,"showImageEffects":true,"showParticleSystems":true},"in2DMode":false,"pivot":{"x":6.372653961181641,"y":-2.7003085613250734,"z":39.684059143066409},"rotation":{"x":-0.24735711514949799,"y":0.5617285966873169,"z":-0.18080514669418336,"w":-0.7684964537620544},"size":94.85987091064453,"orthographic":true}