{"cameraMode":{"drawMode":0,"name":"Shaded","section":"Shading Mode"},"sceneLighting":true,"audioPlay":false,"sceneViewState":{"showFog":true,"showMaterialUpdate":false,"showSkybox":true,"showFlares":true,"showImageEffects":true,"showParticleSystems":true},"in2DMode":false,"pivot":{"x":-11.801891326904297,"y":0.8708301782608032,"z":35.26579284667969},"rotation":{"x":0.0726189836859703,"y":-0.9272300601005554,"z":0.2683364748954773,"w":0.25093355774879458},"size":1.3595181703567505,"orthographic":true}