{"cameraMode":{"drawMode":0,"name":"Shaded","section":"Shading Mode"},"sceneLighting":true,"audioPlay":false,"sceneViewState":{"showFog":true,"showMaterialUpdate":false,"showSkybox":true,"showFlares":true,"showImageEffects":true,"showParticleSystems":true},"in2DMode":false,"pivot":{"x":-34.69288635253906,"y":-1.864098072052002,"z":-0.4647393822669983},"rotation":{"x":0.06361508369445801,"y":0.9356160759925842,"z":-0.2643846273422241,"w":0.22512242197990418},"size":33.33612823486328,"orthographic":true}