{"cameraMode":{"drawMode":0,"name":"Shaded","section":"Shading Mode"},"sceneLighting":true,"audioPlay":false,"sceneViewState":{"showFog":true,"showMaterialUpdate":false,"showSkybox":true,"showFlares":true,"showImageEffects":true,"showParticleSystems":true},"in2DMode":false,"pivot":{"x":-12.340192794799805,"y":5.419290542602539,"z":-0.8682370185852051},"rotation":{"x":-0.12113956362009049,"y":0.8439835906028748,"z":-0.21460556983947755,"w":-0.47640764713287356},"size":19.443763732910158,"orthographic":true}