{"cameraMode":{"drawMode":0,"name":"Shaded","section":"Shading Mode"},"sceneLighting":true,"audioPlay":false,"sceneViewState":{"showFog":true,"showMaterialUpdate":false,"showSkybox":true,"showFlares":true,"showImageEffects":true,"showParticleSystems":true},"in2DMode":false,"pivot":{"x":-22.869394302368165,"y":-1.95770263671875,"z":22.869394302368165},"rotation":{"x":0.22396092116832734,"y":-0.4256698489189148,"z":0.10959773510694504,"w":0.8698480725288391},"size":34.860721588134769,"orthographic":true}