{"cameraMode":{"drawMode":0,"name":"Shaded","section":"Shading Mode"},"sceneLighting":true,"audioPlay":false,"sceneViewState":{"showFog":true,"showMaterialUpdate":false,"showSkybox":true,"showFlares":true,"showImageEffects":true,"showParticleSystems":true},"in2DMode":false,"pivot":{"x":21.9550724029541,"y":-1.874755859375,"z":-21.9550724029541},"rotation":{"x":0.3267824053764343,"y":0.30278700590133669,"z":-0.11138404905796051,"w":0.8883296251296997},"size":37.995906829833987,"orthographic":true}