{"cameraMode":{"drawMode":0,"name":"Shaded","section":"Shading Mode"},"sceneLighting":true,"audioPlay":false,"sceneViewState":{"showFog":true,"showMaterialUpdate":false,"showSkybox":true,"showFlares":true,"showImageEffects":true,"showParticleSystems":true},"in2DMode":false,"pivot":{"x":1.7036094665527344,"y":-2.3230087757110597,"z":-36.53889465332031},"rotation":{"x":-0.22836743295192719,"y":-0.32182347774505618,"z":0.08029230684041977,"w":-0.9153316617012024},"size":2.1055908203125,"orthographic":true}