{"cameraMode":{"drawMode":0,"name":"Shaded","section":"Shading Mode"},"sceneLighting":true,"audioPlay":false,"sceneViewState":{"showFog":true,"showMaterialUpdate":false,"showSkybox":true,"showFlares":true,"showImageEffects":true,"showParticleSystems":true},"in2DMode":false,"pivot":{"x":-9.946972846984864,"y":-2.2765533924102785,"z":-17.555200576782228},"rotation":{"x":0.14914414286613465,"y":0.849219024181366,"z":-0.3284035921096802,"w":0.3856695890426636},"size":14.610288619995118,"orthographic":true}