{"cameraMode":{"drawMode":0,"name":"Shaded","section":"Shading Mode"},"sceneLighting":true,"audioPlay":false,"sceneViewState":{"showFog":true,"showMaterialUpdate":false,"showSkybox":true,"showFlares":true,"showImageEffects":true,"showParticleSystems":true},"in2DMode":false,"pivot":{"x":1.3234326839447022,"y":0.6491506099700928,"z":-1.7392390966415406},"rotation":{"x":-0.08793964236974716,"y":0.8980838656425476,"z":-0.20980674028396607,"w":-0.37642747163772585},"size":2.701596975326538,"orthographic":false}