{"cameraMode":{"drawMode":0,"name":"Shaded","section":"Shading Mode"},"sceneLighting":true,"audioPlay":false,"sceneViewState":{"showFog":true,"showMaterialUpdate":false,"showSkybox":true,"showFlares":true,"showImageEffects":true,"showParticleSystems":true},"in2DMode":false,"pivot":{"x":-3.814215660095215,"y":1.6578760147094727,"z":1.3177205324172974},"rotation":{"x":0.21001583337783814,"y":0.5101202130317688,"z":-0.13003666698932649,"w":0.8238698244094849},"size":26.752887725830079,"orthographic":true}