{"cameraMode":{"drawMode":0,"name":"Shaded","section":"Shading Mode"},"sceneLighting":true,"audioPlay":false,"sceneViewState":{"showFog":true,"showMaterialUpdate":false,"showSkybox":true,"showFlares":true,"showImageEffects":true,"showParticleSystems":true},"in2DMode":false,"pivot":{"x":0.4741826355457306,"y":0.5001599788665772,"z":0.4124563932418823},"rotation":{"x":-0.0639474168419838,"y":-0.4568694233894348,"z":0.03295157849788666,"w":-0.8866204619407654},"size":2.1472368240356447,"orthographic":true}