{"cameraMode":{"drawMode":0,"name":"Shaded","section":"Shading Mode"},"sceneLighting":false,"audioPlay":false,"sceneViewState":{"showFog":true,"showMaterialUpdate":false,"showSkybox":false,"showFlares":true,"showImageEffects":true,"showParticleSystems":true},"in2DMode":false,"pivot":{"x":0.18218988180160523,"y":0.937168538570404,"z":0.24722996354103089},"rotation":{"x":-0.08077224344015122,"y":0.881140947341919,"z":-0.16307295858860017,"w":-0.43643757700920107},"size":1.801596999168396,"orthographic":true}