{"cameraMode":{"drawMode":0,"name":"Shaded","section":"Shading Mode"},"sceneLighting":true,"audioPlay":false,"sceneViewState":{"showFog":true,"showMaterialUpdate":false,"showSkybox":true,"showFlares":true,"showImageEffects":true,"showParticleSystems":true},"in2DMode":false,"pivot":{"x":-1.078118920326233,"y":0.6169267892837524,"z":1.351913332939148},"rotation":{"x":0.16294331848621369,"y":0.6610356569290161,"z":-0.15025177597999574,"w":0.7168723344802856},"size":0.396881639957428,"orthographic":false}