{"cameraMode":{"drawMode":0,"name":"Shaded","section":"Shading Mode"},"sceneLighting":true,"audioPlay":false,"sceneViewState":{"showFog":true,"showMaterialUpdate":false,"showSkybox":true,"showFlares":true,"showImageEffects":true,"showParticleSystems":true},"in2DMode":false,"pivot":{"x":-20.825542449951173,"y":-6.715232849121094,"z":23.922170639038087},"rotation":{"x":-0.1495903879404068,"y":0.8455729484558106,"z":-0.30991384387016299,"w":-0.40814462304115298},"size":33.10737609863281,"orthographic":false}