{"cameraMode":{"drawMode":0,"name":"Shaded","section":"Shading Mode"},"sceneLighting":true,"audioPlay":false,"sceneViewState":{"showFog":true,"showMaterialUpdate":false,"showSkybox":true,"showFlares":true,"showImageEffects":true,"showParticleSystems":true},"in2DMode":false,"pivot":{"x":-34.395408630371097,"y":-1.8554373979568482,"z":-34.67555618286133},"rotation":{"x":0.10219309478998184,"y":-0.8665221333503723,"z":0.19832564890384675,"w":0.4465010464191437},"size":2.0868008136749269,"orthographic":true}