{"cameraMode":{"drawMode":0,"name":"Shaded","section":"Shading Mode"},"sceneLighting":true,"audioPlay":false,"sceneViewState":{"showFog":true,"showMaterialUpdate":false,"showSkybox":true,"showFlares":true,"showImageEffects":true,"showParticleSystems":true},"in2DMode":false,"pivot":{"x":-18.720481872558595,"y":-2.274322032928467,"z":18.496875762939454},"rotation":{"x":0.38734328746795657,"y":0.07097537070512772,"z":-0.029923956841230394,"w":0.9187135100364685},"size":3.9004623889923097,"orthographic":true}