{"cameraMode":{"drawMode":0,"name":"Shaded","section":"Shading Mode"},"sceneLighting":true,"audioPlay":false,"sceneViewState":{"showFog":true,"showMaterialUpdate":false,"showSkybox":true,"showFlares":true,"showImageEffects":true,"showParticleSystems":true},"in2DMode":false,"pivot":{"x":10.464838027954102,"y":-2.758817195892334,"z":-17.767093658447267},"rotation":{"x":0.10642465204000473,"y":0.840973436832428,"z":-0.17924688756465913,"w":0.49931004643440249},"size":19.132991790771486,"orthographic":true}