{"cameraMode":{"drawMode":0,"name":"Shaded","section":"Shading Mode"},"sceneLighting":true,"audioPlay":false,"sceneViewState":{"showFog":true,"showMaterialUpdate":false,"showSkybox":true,"showFlares":true,"showImageEffects":true,"showParticleSystems":true},"in2DMode":false,"pivot":{"x":6.372653961181641,"y":-2.7003085613250734,"z":39.684059143066409},"rotation":{"x":-0.16209964454174043,"y":0.4550340175628662,"z":-0.08463739603757858,"w":-0.8714966177940369},"size":5.645596981048584,"orthographic":true}