{"cameraMode":{"drawMode":0,"name":"Shaded","section":"Shading Mode"},"sceneLighting":true,"audioPlay":false,"sceneViewState":{"showFog":true,"showMaterialUpdate":false,"showSkybox":true,"showFlares":true,"showImageEffects":true,"showParticleSystems":true},"in2DMode":false,"pivot":{"x":8.194474220275879,"y":14.387742042541504,"z":-37.29993438720703},"rotation":{"x":0.14943675696849824,"y":-0.0044496385380625729,"z":0.0006725350976921618,"w":0.9887620806694031},"size":23.808456420898439,"orthographic":true}