{"cameraMode":{"drawMode":0,"name":"Shaded","section":"Shading Mode"},"sceneLighting":false,"audioPlay":false,"sceneViewState":{"showFog":true,"showMaterialUpdate":false,"showSkybox":false,"showFlares":true,"showImageEffects":true,"showParticleSystems":true},"in2DMode":false,"pivot":{"x":-0.11773681640625,"y":1.6923904418945313,"z":0.22705078125},"rotation":{"x":-0.044628504663705829,"y":0.16940277814865113,"z":0.00767993088811636,"w":0.9845067262649536},"size":0.8790447115898132,"orthographic":true}