{"cameraMode":{"drawMode":0,"name":"Shaded","section":"Shading Mode"},"sceneLighting":true,"audioPlay":false,"sceneViewState":{"showFog":true,"showMaterialUpdate":false,"showSkybox":true,"showFlares":true,"showImageEffects":true,"showParticleSystems":true},"in2DMode":false,"pivot":{"x":20.339717864990236,"y":-1.0026111602783204,"z":77.69151306152344},"rotation":{"x":0.06684211641550064,"y":-0.01346953958272934,"z":0.000902284518815577,"w":0.997672438621521},"size":46.768760681152347,"orthographic":true}