{"cameraMode":{"drawMode":0,"name":"Shaded","section":"Shading Mode"},"sceneLighting":false,"audioPlay":false,"sceneViewState":{"showFog":true,"showMaterialUpdate":false,"showSkybox":false,"showFlares":true,"showImageEffects":true,"showParticleSystems":true},"in2DMode":false,"pivot":{"x":958.5944213867188,"y":622.4505615234375,"z":-25.28044891357422},"rotation":{"x":-0.05048517510294914,"y":0.9158052802085877,"z":-0.12188191711902619,"w":-0.3793385326862335},"size":246.32589721679688,"orthographic":false}