{"cameraMode":{"drawMode":0,"name":"Shaded","section":"Shading Mode"},"sceneLighting":true,"audioPlay":false,"sceneViewState":{"showFog":true,"showMaterialUpdate":false,"showSkybox":true,"showFlares":true,"showImageEffects":true,"showParticleSystems":true},"in2DMode":false,"pivot":{"x":-23.851287841796876,"y":-10.087301254272461,"z":9.722501754760743},"rotation":{"x":0.25213927030563357,"y":0.7210919857025147,"z":-0.5565288066864014,"w":0.32669922709465029},"size":73.25286102294922,"orthographic":true}