{"cameraMode":{"drawMode":0,"name":"Shaded","section":"Shading Mode"},"sceneLighting":false,"audioPlay":false,"sceneViewState":{"showFog":true,"showMaterialUpdate":false,"showSkybox":false,"showFlares":true,"showImageEffects":true,"showParticleSystems":true},"in2DMode":false,"pivot":{"x":0.0,"y":4.499490737915039,"z":4.470348358154297e-8},"rotation":{"x":0.04925063997507095,"y":-0.4504254460334778,"z":0.024867098778486253,"w":0.8911295533180237},"size":1.0082591772079468,"orthographic":true}