{"cameraMode":{"drawMode":0,"name":"Shaded","section":"Shading Mode"},"sceneLighting":true,"audioPlay":false,"sceneViewState":{"showFog":true,"showMaterialUpdate":false,"showSkybox":true,"showFlares":true,"showImageEffects":true,"showParticleSystems":true},"in2DMode":false,"pivot":{"x":55.07457733154297,"y":-6.241101264953613,"z":-9.363321304321289},"rotation":{"x":0.11196459084749222,"y":0.4200681447982788,"z":-0.05231427028775215,"w":0.8990395665168762},"size":14.151684761047364,"orthographic":false}