{"cameraMode":{"drawMode":0,"name":"Shaded","section":"Shading Mode"},"sceneLighting":true,"audioPlay":false,"sceneViewState":{"showFog":true,"showMaterialUpdate":false,"showSkybox":true,"showFlares":true,"showImageEffects":true,"showParticleSystems":true},"in2DMode":false,"pivot":{"x":2.2398271560668947,"y":-6.87262487411499,"z":-117.7217788696289},"rotation":{"x":0.05737145245075226,"y":-0.1645655333995819,"z":0.009588677436113358,"w":0.9846504330635071},"size":33.36930465698242,"orthographic":true}