{"cameraMode":{"drawMode":0,"name":"Shaded","section":"Shading Mode"},"sceneLighting":true,"audioPlay":false,"sceneViewState":{"showFog":true,"showMaterialUpdate":false,"showSkybox":true,"showFlares":true,"showImageEffects":true,"showParticleSystems":true},"in2DMode":false,"pivot":{"x":10.62800121307373,"y":-1.2898659706115723,"z":-12.17399787902832},"rotation":{"x":-0.022774403914809228,"y":-0.9613893032073975,"z":0.08385251462459564,"w":-0.2611146569252014},"size":2.12977933883667,"orthographic":true}