{"cameraMode":{"drawMode":0,"name":"Shaded","section":"Shading Mode"},"sceneLighting":true,"audioPlay":false,"sceneViewState":{"showFog":true,"showMaterialUpdate":false,"showSkybox":true,"showFlares":true,"showImageEffects":true,"showParticleSystems":true},"in2DMode":false,"pivot":{"x":311.7396240234375,"y":320.6962585449219,"z":-243.74185180664063},"rotation":{"x":0.2987845838069916,"y":-0.41402801871299746,"z":0.14599132537841798,"w":0.8473461270332336},"size":105.69129943847656,"orthographic":true}