{"cameraMode":{"drawMode":0,"name":"Shaded","section":"Shading Mode"},"sceneLighting":true,"audioPlay":false,"sceneViewState":{"showFog":true,"showMaterialUpdate":false,"showSkybox":true,"showFlares":true,"showImageEffects":true,"showParticleSystems":true},"in2DMode":false,"pivot":{"x":-31.733789443969728,"y":-3.616502285003662,"z":-36.75825500488281},"rotation":{"x":0.047974154353141788,"y":-0.9426066279411316,"z":0.15492106974124909,"w":0.29188841581344607},"size":17.98975372314453,"orthographic":true}