{"cameraMode":{"drawMode":0,"name":"Shaded","section":"Shading Mode"},"sceneLighting":true,"audioPlay":false,"sceneViewState":{"showFog":true,"showMaterialUpdate":false,"showSkybox":true,"showFlares":true,"showImageEffects":true,"showParticleSystems":true},"in2DMode":false,"pivot":{"x":-4.039768695831299,"y":44.96095657348633,"z":83.27638244628906},"rotation":{"x":0.034700553864240649,"y":-0.9629994034767151,"z":0.2200993448495865,"w":0.1517464518547058},"size":33.69552230834961,"orthographic":true}